<?xml version="1.0" encoding="UTF-8"?>
<extension type="plugin" group="system" method="upgrade">
  <name>plg_system_chirp</name>
  <author>Nathan Schneider</author>
  <creationDate>August 2023</creationDate>
  <copyright>Copyright (C) 2023 Quirkable. All rights reserved.</copyright>
  <license>GNU General Public License version 2 or later; see LICENSE</license>
  <authorEmail>nathan@quirkable.io</authorEmail>
  <authorUrl>https://quirkable.io</authorUrl>
  <version>0.1.0</version>
  <description>PLG_SYSTEM_CHIRP_XML_DESCRIPTION</description>
  <scriptfile>install_script.php</scriptfile>
  <files>
    <filename plugin="chirp">chirp.php</filename>
  </files>
  <media folder="media" destination="plg_system_chirp">
    <folder>js</folder>
    <folder>css</folder>
    <folder>wav</folder>
    <folder>image</folder>
  </media>
  <updateservers>
    <server type="extension" priority="1" name="plg_system_chirp">
      https://qrkbl.com/joomla/chirp/plg_system_chirp_update.xml</server>
  </updateservers>
</extension>