<?xml version="1.0" encoding="utf-8"?>
<extension type="component" version="4.0" method="upgrade">
    <name>com_chirp</name>
    <creationDate>2023-08-24</creationDate>
    <copyright>2023 Quirkable</copyright>
    <license>GNU General Public License version 2 or later; see LICENSE.txt</license>
    <author>Nathan Schneider</author>
    <authorEmail>nathan@quirkable.io</authorEmail>
    <authorUrl>https://quirkable.io</authorUrl>
    <version>0.1.0</version>
    <description>COM_CHIRP_XML_DESCRIPTION</description>
    <namespace path="src">Chirp\Component\Chirp</namespace>


    <install> <!-- Runs on install -->
        <sql>
            <file driver="mysql" charset="utf8">sql/install.mysql.utf8.sql</file>
        </sql>
    </install>
    <update> <!-- Runs on update -->
        <schemas>
            <schemapath type="mysql">sql/updates</schemapath>
        </schemas>
    </update>
    <uninstall> <!-- Runs on uninstall -->
        <sql>
            <file driver="mysql" charset="utf8">sql/uninstall.mysql.utf8.sql</file>
        </sql>
    </uninstall>


    <files folder="site">
        <folder>src</folder>
        <folder>forms</folder>
        <folder>tmpl</folder>
    </files>
    <media destination="com_chirp" folder="media">
        <folder>css</folder>
        <folder>js</folder>
        <filename>joomla.asset.json</filename>
    </media>
    <languages folder="site/languages">

        <language tag="en-GB">en-GB/com_chirp.ini</language>
    </languages>
    <administration>
        <menu>COM_CHIRP</menu>
        <submenu>

            <menu link="option=com_chirp&amp;view=controlpanels" view="controlpanels"
                alt="Chirp/Controlpanel">COM_CHIRP_TITLE_CONTROLPANELS</menu>
            <menu
                link="option=com_config&amp;view=component&amp;component=com_chirp&amp;path=&amp;return="
                view="component" alt="Chirp/Settings">COM_CHIRP_TITLE_SETTINGS</menu>
        </submenu>
        <files folder="administrator">
            <filename>access.xml</filename>
            <filename>config.xml</filename>
            <folder>forms</folder>
            <folder>src</folder>
            <folder>tmpl</folder>
            <folder>services</folder>
            <folder>presets</folder>
            <folder>sql</folder>
        </files>
        <languages folder="administrator/languages">

            <language tag="en-GB">en-GB/com_chirp.ini</language>
            <language tag="en-GB">en-GB/com_chirp.sys.ini</language>
        </languages>
    </administration>
    <config>
        <fields name="params">
            <fieldset name="component">
                <field name="save_history" default="0" />
            </fieldset>
        </fields>
    </config>
    <plugins>
    </plugins>


    <updateservers>
        <server type="extension" priority="1" name="com_chirp">
            https://qrkbl.com/joomla/chirp/com_chirp_update.xml</server>
    </updateservers>
</extension>