{
    "$schema": "https://developer.joomla.org/schemas/json-schema/web_assets.json",
    "name": "plg_system_chirp",
    "version": "1.0.0",
    "description": "Chirp plugin",
    "license": "GPL-2.0-or-later",
    "assets": [
        {
            "name": "chirp.script",
            "type": "script",
            "uri": "plg_system_chirp/js/chirp.js"
        },
        {
            "name": "chirp.purify",
            "type": "script",
            "uri": "plg_system_chirp/js/purify.min.js"
        },
        {
            "name": "chirp.css",
            "type": "style",
            "uri": "plg_system_chirp/css/chirp.css"
        }
    ]
}
