<?xml version="1.0" encoding="UTF-8"?>
<extension type="package" method="upgrade">
   <name>Chirp Package</name>
   <author>Nathan Schneider</author>
   <creationDate>August 2023</creationDate>
   <packagename>chirp</packagename>
   <version>0.1.0</version>
   <url>https://quirkable.io</url>
   <packager>Nathan Schneider</packager>
   <packagerurl>https://quirkable.io</packagerurl>
   <description>Chirp Package</description>
   <blockChildUninstall>true</blockChildUninstall>
   <files folder="packages">
      <file type="component" id="com_chirp">com_chirp.zip</file>
      <file type="plugin" id="chirp" group="system">plg_system_chirp.zip</file>
      <file type="plugin" id="chirp" group="behaviour">plg_behaviour_chirp.zip</file>
   </files>
</extension>